Workbook
Name Slicer_Representative: #N/A

Sheet Sheet3
A1: Data returned for Avg_rating, R02 (First 1000 rows).
A3: calls[Call number] | B3: calls[Customer ID] | C3: calls[Duration] | D3: calls[Representative] | E3: calls[Date of Call] | F3: calls[Purchase Amount] | G3: calls[Satisfaction Rating] | H3: calls[FY] | I3: calls[Day of week] | J3: calls[Duration Bucket] | K3: calls[Rating rounded] | L3: calls[Date of Call (Month)] | M3: calls[Date of Call (Month Index)]
A4: Call_7273 | B4: C0005 | C4: 68 | D4: R02 | E4: 44927 | F4: 66 | G4: 4.7 | H4: 2023 | I4: Sunday | J4: 1 to 2 hours | K4: 5 | L4: Jan | M4: 1
A5: Call_7274 | B5: C0014 | C5: 119 | D5: R02 | E5: 44927 | F5: 22 | G5: 2.9 | H5: 2023 | I5: Sunday | J5: 1 to 2 hours | K5: 3 | L5: Jan | M5: 1
A6: Call_7276 | B6: C0011 | C6: 49 | D6: R02 | E6: 44929 | F6: 135 | G6: 4.8 | H6: 2023 | I6: Tuesday | J6: 30 to 60 mins | K6: 5 | L6: Jan | M6: 1
A7: Call_7279 | B7: C0005 | C7: 31 | D7: R02 | E7: 44929 | F7: 135 | G7: 3.6 | H7: 2023 | I7: Tuesday | J7: 30 to 60 mins | K7: 4 | L7: Jan | M7: 1
A8: Call_7281 | B8: C0011 | C8: 102 | D8: R02 | E8: 44929 | F8: 69 | G8: 4.9 | H8: 2023 | I8: Tuesday | J8: 1 to 2 hours | K8: 5 | L8: Jan | M8: 1
A9: Call_7283 | B9: C0002 | C9: 98 | D9: R02 | E9: 44930 | F9: 108 | G9: 3.5 | H9: 2023 | I9: Wednesday | J9: 1 to 2 hours | K9: 4 | L9: Jan | M9: 1
A10: Call_7284 | B10: C0010 | C10: 139 | D10: R02 | E10: 44930 | F10: 96 | G10: 4 | H10: 2023 | I10: Wednesday | J10: More than 2 hours | K10: 4 | L10: Jan | M10: 1
A11: Call_7289 | B11: C0007 | C11: 54 | D11: R02 | E11: 44931 | F11: 170 | G11: 4.3 | H11: 2023 | I11: Thursday | J11: 30 to 60 mins | K11: 4 | L11: Jan | M11: 1
A12: Call_7294 | B12: C0015 | C12: 58 | D12: R02 | E12: 44934 | F12: 140 | G12: 2.1 | H12: 2023 | I12: Sunday | J12: 30 to 60 mins | K12: 2 | L12: Jan | M12: 1
A13: Call_7304 | B13: C0006 | C13: 160 | D13: R02 | E13: 44940 | F13: 105 | G13: 5 | H13: 2023 | I13: Saturday | J13: More than 2 hours | K13: 5 | L13: Jan | M13: 1
A14: Call_7308 | B14: C0004 | C14: 90 | D14: R02 | E14: 44942 | F14: 132 | G14: 3.2 | H14: 2023 | I14: Monday | J14: 1 to 2 hours | K14: 3 | L14: Jan | M14: 1
A15: Call_7312 | B15: C0010 | C15: 105 | D15: R02 | E15: 44944 | F15: 80 | G15: 4.7 | H15: 2023 | I15: Wednesday | J15: 1 to 2 hours | K15: 5 | L15: Jan | M15: 1
... A221: Call_8262 | B221: C0011 | C221: 40 | D221: R02 | E221: 45289 | F221: 111 | G221: 4.6 | H221: 2024 | I221: Friday | J221: 30 to 60 mins | K221: 5 | L221: Dec | M221: 12

Sheet Project_excel
A3: call count | B3: Total Amount | C3: Total Duration | D3: Avg_rating | E3: 5*_calls
A4: 1000 | B4: 96623 | C4: 89850 | D4: 3.8854 | E4: 307
A10: call count | B10: Total Amount | C10: Total Duration | D10: Avg_rating | E10: 5*_calls
A11: 200 | B11: 20104 | C11: 18209 | D11: 3.8825 | E11: 51
A15: Row Labels | B15: call count2 | C15: call count | E15: Row Labels | F15: call count
A16: Jan | B16: 21 | C16: 21 | E16: Monday | F16: 22
A17: Feb | B17: 18 | C17: 18 | E17: Tuesday | F17: 27
A18: Mar | B18: 31 | C18: 31 | E18: Wednesday | F18: 27 | I18: Row Labels | J18: Total Amount | K18: call count
A19: Apr | B19: 20 | C19: 20 | E19: Thursday | F19: 27 | I19: R01 | J19: 18415 | K19: 189
A20: May | B20: 8 | C20: 8 | E20: Friday | F20: 32 | I20: R02 | J20: 20581 | K20: 218
A21: Jun | B21: 12 | C21: 12 | E21: Saturday | F21: 38 | I21: R03 | J21: 20872 | K21: 207 | O21: selected rep | P21: =L45 -> R05
A22: Jul | B22: 12 | C22: 12 | E22: Sunday | F22: 27 | I22: R04 | J22: 16651 | K22: 186
A23: Aug | B23: 7 | C23: 7 | E23: Grand Total | F23: 200 | I23: R05 | J23: 20104 | K23: 200 | M23: Rep | N23: Amount | O23: Calls | P23: sel calls | Q23: sel.amount
A24: Sep | B24: 20 | C24: 20 | I24: Grand Total | J24: 96623 | K24: 1000 | M24: {=I19:K23} -> R01 | N24: 18415 | O24: 189 | P24: =IF(M24=$P$21,O24,NA()) -> #N/A | Q24: =IF(M24=$P$21,N24,NA()) -> #N/A
A25: Oct | B25: 24 | C25: 24 | M25: R02 | N25: 20581 | O25: 218 | P25: =IF(M25=$P$21,O25,NA()) -> #N/A | Q25: =IF(M25=$P$21,N25,NA()) -> #N/A
A26: Nov | B26: 12 | C26: 12 | M26: R03 | N26: 20872 | O26: 207 | P26: =IF(M26=$P$21,O26,NA()) -> #N/A | Q26: =IF(M26=$P$21,N26,NA()) -> #N/A
A27: Dec | B27: 15 | C27: 15 | M27: R04 | N27: 16651 | O27: 186 | P27: =IF(M27=$P$21,O27,NA()) -> #N/A | Q27: =IF(M27=$P$21,N27,NA()) -> #N/A
A28: Grand Total | B28: 200 | C28: 200 | M28: R05 | N28: 20104 | O28: 200 | P28: =IF(M28=$P$21,O28,NA()) -> 200 | Q28: =IF(M28=$P$21,N28,NA()) -> 20104
J29: 18415 | K29: 189
I30: R02 | J30: 20581 | K30: 218
I31: R03 | J31: 20872 | K31: 207
I32: R04 | J32: 16651 | K32: 186
I33: R05 | J33: 20104 | K33: 200
E34: call count | F34: Column Labels
E35: Row Labels | F35: Female | G35: Male | H35: Grand Total
E36: Cincinnati | F36: 144 | G36: 132 | H36: 276
E37: Cleveland | F37: 326 | G37: 63 | H37: 389
E38: Columbus | F38: 129 | G38: 206 | H38: 335
E39: Grand Total | F39: 599 | G39: 401 | H39: 1000
N41: Total Amount | O41: Column Labels
N42: Row Labels | O42: R01 | P42: R02 | Q42: R03 | R42: R04 | S42: R05 | T42: Grand Total
E43: Row Labels | F43: call count | N43: Cincinnati
E44: 2 | F44: 10 | L44: Row Labels | N44: C0003 | O44: 891 | P44: 1332 | Q44: 1282 | R44: 739 | S44: 560 | T44: 4804
E45: 3 | F45: 44 | L45: R05 | N45: C0004 | O45: 1991 | P45: 1886 | Q45: 1206 | R45: 884 | S45: 1722 | T45: 7689
E46: 4 | F46: 95 | N46: C0011 | O46: 1163 | P46: 1180 | Q46: 1616 | R46: 1043 | S46: 1747 | T46: 6749
E47: 5 | F47: 51 | N47: C0012 | O47: 1438 | P47: 1616 | Q47: 866 | R47: 829 | S47: 2070 | T47: 6819
E48: Grand Total | F48: 200 | N48: Cleveland
N49: C0002 | O49: 1233 | P49: 223 | Q49: 1680 | R49: 990 | S49: 1508 | T49: 5634
N50: C0007 | O50: 1598 | P50: 1907 | Q50: 869 | R50: 1426 | S50: 1416 | T50: 7216
N51: C0008 | O51: 900 | P51: 1016 | Q51: 960 | R51: 940 | S51: 1193 | T51: 5009
B52: rep summary | N52: C0010 | O52: 900 | P52: 1470 | Q52: 1617 | R52: 1314 | S52: 941 | T52: 6242
B53: calls | C53: =_xlfn.XLOOKUP(L45,M24:M28,O24:O28) -> 200 | N53: C0013 | O53: 1255 | P53: 516 | Q53: 1874 | R53: 1863 | S53: 1722 | T53: 7230
B54: Amount | C54: =_xlfn.XLOOKUP(L45,M24:M28,N24:N28) -> 20104 | N54: C0015 | O54: 1138 | P54: 1898 | Q54: 1482 | R54: 846 | S54: 1154 | T54: 6518
N55: Columbus
B56: % of calls | C56: =A11/A4 -> 0.2 | N56: C0001 | O56: 1655 | P56: 805 | Q56: 2263 | R56: 987 | S56: 1075 | T56: 6785
B57: call rank | C57: =_xlfn.RANK.AVG(C53,O24:O28) -> 3 | N57: C0005 | O57: 1104 | P57: 2280 | Q57: 1445 | R57: 1722 | S57: 1196 | T57: 7747
B58: Amount rank | C58: =_xlfn.RANK.AVG(C54,N24:N28) -> 3 | N58: C0006 | O58: 372 | P58: 1818 | Q58: 1346 | R58: 1156 | S58: 1484 | T58: 6176
N59: C0009 | O59: 1415 | P59: 1271 | Q59: 1214 | R59: 1135 | S59: 1566 | T59: 6601
N60: C0014 | O60: 1362 | P60: 1363 | Q60: 1152 | R60: 777 | S60: 750 | T60: 5404
B61: Labels:
C62: ="% of Calls:"&TEXT(C56,"0%") -> % of Calls:20%
C63: =IF(COUNTA(L45:L49)>1,"","Call Rank:"&C57) -> Call Rank:3
C64: =IF(COUNTA(L45:L49)>1,"","Amount Rank:"&C58) -> Amount Rank:3
B66: image | C66: =IF(COUNTA(L45:L49)>1,"",_xlfn.XLOOKUP(L45,Assets!E3:E7,Assets!F3:F7)) -> #VALUE!

Sheet Data
B1: Call Centre Data
B3: Call number | C3: Customer ID | D3: Duration | E3: Representative | F3: Date of Call | G3: Purchase Amount | H3: Satisfaction Rating | I3: FY | J3: Day of week | K3: Duration Bucket | L3: Rating rounded | Q3: Customer ID | R3: Gedner | S3: Age | T3: City
B4: Call_7271 | C4: C0003 | D4: 116 | E4: R05 | F4: 44927 | G4: 128 | H4: 4.9 | I4: =IF(MONTH(calls[[#This Row],[Date of Call]])<=6, YEAR(calls[[#This Row],[Date of Call]]), YEAR(calls[[#This Row],[Date of Call]])+1) -> 2023 | J4: =TEXT(calls[[#This Row],[Date of Call]],"DDDD") -> Sunday | K4: {=_xlfn.IFS(calls[[#This Row],[Duration]]<=10,"Under 10 mins", calls[[#This Row],[Duration]]<=30, "10 to 30 mins", calls[[#This Row],[Duration]]<=60, "30 to 60 mins", calls[[#This Row],[Duration]]<=120, "1 to 2 hours", TRUE, "More than 2 hours")} -> 1 to 2 hours | L4: =ROUND(calls[[#This Row],[Satisfaction Rating]],0) -> 5 | Q4: C0001 | R4: Male | S4: 41 | T4: Columbus
B5: Call_7272 | C5: C0004 | D5: 119 | E5: R05 | F5: 44927 | G5: 135 | H5: 2.9 | I5: =IF(MONTH(calls[[#This Row],[Date of Call]])<=6, YEAR(calls[[#This Row],[Date of Call]]), YEAR(calls[[#This Row],[Date of Call]])+1) -> 2023 | J5: =TEXT(calls[[#This Row],[Date of Call]],"DDDD") -> Sunday | K5: {=_xlfn.IFS(calls[[#This Row],[Duration]]<=10,"Under 10 mins", calls[[#This Row],[Duration]]<=30, "10 to 30 mins", calls[[#This Row],[Duration]]<=60, "30 to 60 mins", calls[[#This Row],[Duration]]<=120, "1 to 2 hours", TRUE, "More than 2 hours")} -> 1 to 2 hours | L5: =ROUND(calls[[#This Row],[Satisfaction Rating]],0) -> 3 | Q5: C0002 | R5: Male | S5: 31 | T5: Cleveland
B6: Call_7273 | C6: C0005 | D6: 68 | E6: R02 | F6: 44927 | G6: 66 | H6: 4.7 | I6: =IF(MONTH(calls[[#This Row],[Date of Call]])<=6, YEAR(calls[[#This Row],[Date of Call]]), YEAR(calls[[#This Row],[Date of Call]])+1) -> 2023 | J6: =TEXT(calls[[#This Row],[Date of Call]],"DDDD") -> Sunday | K6: {=_xlfn.IFS(calls[[#This Row],[Duration]]<=10,"Under 10 mins", calls[[#This Row],[Duration]]<=30, "10 to 30 mins", calls[[#This Row],[Duration]]<=60, "30 to 60 mins", calls[[#This Row],[Duration]]<=120, "1 to 2 hours", TRUE, "More than 2 hours")} -> 1 to 2 hours | L6: =ROUND(calls[[#This Row],[Satisfaction Rating]],0) -> 5 | Q6: C0003 | R6: Male | S6: 26 | T6: Cincinnati
B7: Call_7274 | C7: C0014 | D7: 119 | E7: R02 | F7: 44927 | G7: 22 | H7: 2.9 | I7: =IF(MONTH(calls[[#This Row],[Date of Call]])<=6, YEAR(calls[[#This Row],[Date of Call]]), YEAR(calls[[#This Row],[Date of Call]])+1) -> 2023 | J7: =TEXT(calls[[#This Row],[Date of Call]],"DDDD") -> Sunday | K7: {=_xlfn.IFS(calls[[#This Row],[Duration]]<=10,"Under 10 mins", calls[[#This Row],[Duration]]<=30, "10 to 30 mins", calls[[#This Row],[Duration]]<=60, "30 to 60 mins", calls[[#This Row],[Duration]]<=120, "1 to 2 hours", TRUE, "More than 2 hours")} -> 1 to 2 hours | L7: =ROUND(calls[[#This Row],[Satisfaction Rating]],0) -> 3 | Q7: C0004 | R7: Male | S7: 36 | T7: Cincinnati
B8: Call_7275 | C8: C0011 | D8: 128 | E8: R01 | F8: 44928 | G8: 31 | H8: 2.8 | I8: =IF(MONTH(calls[[#This Row],[Date of Call]])<=6, YEAR(calls[[#This Row],[Date of Call]]), YEAR(calls[[#This Row],[Date of Call]])+1) -> 2023 | J8: =TEXT(calls[[#This Row],[Date of Call]],"DDDD") -> Monday | K8: {=_xlfn.IFS(calls[[#This Row],[Duration]]<=10,"Under 10 mins", calls[[#This Row],[Duration]]<=30, "10 to 30 mins", calls[[#This Row],[Duration]]<=60, "30 to 60 mins", calls[[#This Row],[Duration]]<=120, "1 to 2 hours", TRUE, "More than 2 hours")} -> More than 2 hours | L8: =ROUND(calls[[#This Row],[Satisfaction Rating]],0) -> 3 | Q8: C0005 | R8: Male | S8: 37 | T8: Columbus
B9: Call_7276 | C9: C0011 | D9: 49 | E9: R02 | F9: 44929 | G9: 135 | H9: 4.8 | I9: =IF(MONTH(calls[[#This Row],[Date of Call]])<=6, YEAR(calls[[#This Row],[Date of Call]]), YEAR(calls[[#This Row],[Date of Call]])+1) -> 2023 | J9: =TEXT(calls[[#This Row],[Date of Call]],"DDDD") -> Tuesday | K9: {=_xlfn.IFS(calls[[#This Row],[Duration]]<=10,"Under 10 mins", calls[[#This Row],[Duration]]<=30, "10 to 30 mins", calls[[#This Row],[Duration]]<=60, "30 to 60 mins", calls[[#This Row],[Duration]]<=120, "1 to 2 hours", TRUE, "More than 2 hours")} -> 30 to 60 mins | L9: =ROUND(calls[[#This Row],[Satisfaction Rating]],0) -> 5 | Q9: C0006 | R9: Male | S9: 23 | T9: Columbus
B10: Call_7277 | C10: C0007 | D10: 84 | E10: R05 | F10: 44929 | G10: 60 | H10: 4.7 | I10: =IF(MONTH(calls[[#This Row],[Date of Call]])<=6, YEAR(calls[[#This Row],[Date of Call]]), YEAR(calls[[#This Row],[Date of Call]])+1) -> 2023 | J10: =TEXT(calls[[#This Row],[Date of Call]],"DDDD") -> Tuesday | K10: {=_xlfn.IFS(calls[[#This Row],[Duration]]<=10,"Under 10 mins", calls[[#This Row],[Duration]]<=30, "10 to 30 mins", calls[[#This Row],[Duration]]<=60, "30 to 60 mins", calls[[#This Row],[Duration]]<=120, "1 to 2 hours", TRUE, "More than 2 hours")} -> 1 to 2 hours | L10: =ROUND(calls[[#This Row],[Satisfaction Rating]],0) -> 5 | Q10: C0007 | R10: Female | S10: 22 | T10: Cleveland
B11: Call_7278 | C11: C0003 | D11: 103 | E11: R04 | F11: 44929 | G11: 148 | H11: 4.4 | I11: =IF(MONTH(calls[[#This Row],[Date of Call]])<=6, YEAR(calls[[#This Row],[Date of Call]]), YEAR(calls[[#This Row],[Date of Call]])+1) -> 2023 | J11: =TEXT(calls[[#This Row],[Date of Call]],"DDDD") -> Tuesday | K11: {=_xlfn.IFS(calls[[#This Row],[Duration]]<=10,"Under 10 mins", calls[[#This Row],[Duration]]<=30, "10 to 30 mins", calls[[#This Row],[Duration]]<=60, "30 to 60 mins", calls[[#This Row],[Duration]]<=120, "1 to 2 hours", TRUE, "More than 2 hours")} -> 1 to 2 hours | L11: =ROUND(calls[[#This Row],[Satisfaction Rating]],0) -> 4 | Q11: C0008 | R11: Female | S11: 42 | T11: Cleveland
B12: Call_7279 | C12: C0005 | D12: 31 | E12: R02 | F12: 44929 | G12: 135 | H12: 3.6 | I12: =IF(MONTH(calls[[#This Row],[Date of Call]])<=6, YEAR(calls[[#This Row],[Date of Call]]), YEAR(calls[[#This Row],[Date of Call]])+1) -> 2023 | J12: =TEXT(calls[[#This Row],[Date of Call]],"DDDD") -> Tuesday | K12: {=_xlfn.IFS(calls[[#This Row],[Duration]]<=10,"Under 10 mins", calls[[#This Row],[Duration]]<=30, "10 to 30 mins", calls[[#This Row],[Duration]]<=60, "30 to 60 mins", calls[[#This Row],[Duration]]<=120, "1 to 2 hours", TRUE, "More than 2 hours")} -> 30 to 60 mins | L12: =ROUND(calls[[#This Row],[Satisfaction Rating]],0) -> 4 | Q12: C0009 | R12: Female | S12: 25 | T12: Columbus
B13: Call_7280 | C13: C0010 | D13: 44 | E13: R03 | F13: 44929 | G13: 105 | H13: 2.9 | I13: =IF(MONTH(calls[[#This Row],[Date of Call]])<=6, YEAR(calls[[#This Row],[Date of Call]]), YEAR(calls[[#This Row],[Date of Call]])+1) -> 2023 | J13: =TEXT(calls[[#This Row],[Date of Call]],"DDDD") -> Tuesday | K13: {=_xlfn.IFS(calls[[#This Row],[Duration]]<=10,"Under 10 mins", calls[[#This Row],[Duration]]<=30, "10 to 30 mins", calls[[#This Row],[Duration]]<=60, "30 to 60 mins", calls[[#This Row],[Duration]]<=120, "1 to 2 hours", TRUE, "More than 2 hours")} -> 30 to 60 mins | L13: =ROUND(calls[[#This Row],[Satisfaction Rating]],0) -> 3 | Q13: C0010 | R13: Female | S13: 30 | T13: Cleveland
B14: Call_7281 | C14: C0011 | D14: 102 | E14: R02 | F14: 44929 | G14: 69 | H14: 4.9 | I14: =IF(MONTH(calls[[#This Row],[Date of Call]])<=6, YEAR(calls[[#This Row],[Date of Call]]), YEAR(calls[[#This Row],[Date of Call]])+1) -> 2023 | J14: =TEXT(calls[[#This Row],[Date of Call]],"DDDD") -> Tuesday | K14: {=_xlfn.IFS(calls[[#This Row],[Duration]]<=10,"Under 10 mins", calls[[#This Row],[Duration]]<=30, "10 to 30 mins", calls[[#This Row],[Duration]]<=60, "30 to 60 mins", calls[[#This Row],[Duration]]<=120, "1 to 2 hours", TRUE, "More than 2 hours")} -> 1 to 2 hours | L14: =ROUND(calls[[#This Row],[Satisfaction Rating]],0) -> 5 | Q14: C0011 | R14: Female | S14: 30 | T14: Cincinnati
B15: Call_7282 | C15: C0013 | D15: 135 | E15: R05 | F15: 44929 | G15: 46 | H15: 3.4 | I15: =IF(MONTH(calls[[#This Row],[Date of Call]])<=6, YEAR(calls[[#This Row],[Date of Call]]), YEAR(calls[[#This Row],[Date of Call]])+1) -> 2023 | J15: =TEXT(calls[[#This Row],[Date of Call]],"DDDD") -> Tuesday | K15: {=_xlfn.IFS(calls[[#This Row],[Duration]]<=10,"Under 10 mins", calls[[#This Row],[Duration]]<=30, "10 to 30 mins", calls[[#This Row],[Duration]]<=60, "30 to 60 mins", calls[[#This Row],[Duration]]<=120, "1 to 2 hours", TRUE, "More than 2 hours")} -> More than 2 hours | L15: =ROUND(calls[[#This Row],[Satisfaction Rating]],0) -> 3 | Q15: C0012 | R15: Female | S15: 28 | T15: Cincinnati
... B18: Call_7285 | C18: C0013 | D18: 48 | E18: R01 | F18: 44930 | G18: 68 | H18: 4.9 | I18: =IF(MONTH(calls[[#This Row],[Date of Call]])<=6, YEAR(calls[[#This Row],[Date of Call]]), YEAR(calls[[#This Row],[Date of Call]])+1) -> 2023 | J18: =TEXT(calls[[#This Row],[Date of Call]],"DDDD") -> Wednesday | K18: {=_xlfn.IFS(calls[[#This Row],[Duration]]<=10,"Under 10 mins", calls[[#This Row],[Duration]]<=30, "10 to 30 mins", calls[[#This Row],[Duration]]<=60, "30 to 60 mins", calls[[#This Row],[Duration]]<=120, "1 to 2 hours", TRUE, "More than 2 hours")} -> 30 to 60 mins | L18: =ROUND(calls[[#This Row],[Satisfaction Rating]],0) -> 5 | Q18: C0015 | R18: Female | S18: 43 | T18: Cleveland
B19: Call_7286 | C19: C0010 | D19: 176 | E19: R05 | F19: 44931 | G19: 24 | H19: 4.8 | I19: =IF(MONTH(calls[[#This Row],[Date of Call]])<=6, YEAR(calls[[#This Row],[Date of Call]]), YEAR(calls[[#This Row],[Date of Call]])+1) -> 2023 | J19: =TEXT(calls[[#This Row],[Date of Call]],"DDDD") -> Thursday | K19: {=_xlfn.IFS(calls[[#This Row],[Duration]]<=10,"Under 10 mins", calls[[#This Row],[Duration]]<=30, "10 to 30 mins", calls[[#This Row],[Duration]]<=60, "30 to 60 mins", calls[[#This Row],[Duration]]<=120, "1 to 2 hours", TRUE, "More than 2 hours")} -> More than 2 hours | L19: =ROUND(calls[[#This Row],[Satisfaction Rating]],0) -> 5
B20: Call_7287 | C20: C0010 | D20: 99 | E20: R01 | F20: 44931 | G20: 195 | H20: 3.9 | I20: =IF(MONTH(calls[[#This Row],[Date of Call]])<=6, YEAR(calls[[#This Row],[Date of Call]]), YEAR(calls[[#This Row],[Date of Call]])+1) -> 2023 | J20: =TEXT(calls[[#This Row],[Date of Call]],"DDDD") -> Thursday | K20: {=_xlfn.IFS(calls[[#This Row],[Duration]]<=10,"Under 10 mins", calls[[#This Row],[Duration]]<=30, "10 to 30 mins", calls[[#This Row],[Duration]]<=60, "30 to 60 mins", calls[[#This Row],[Duration]]<=120, "1 to 2 hours", TRUE, "More than 2 hours")} -> 1 to 2 hours | L20: =ROUND(calls[[#This Row],[Satisfaction Rating]],0) -> 4
B21: Call_7288 | C21: C0009 | D21: 28 | E21: R03 | F21: 44931 | G21: 28 | H21: 3.8 | I21: =IF(MONTH(calls[[#This Row],[Date of Call]])<=6, YEAR(calls[[#This Row],[Date of Call]]), YEAR(calls[[#This Row],[Date of Call]])+1) -> 2023 | J21: =TEXT(calls[[#This Row],[Date of Call]],"DDDD") -> Thursday | K21: {=_xlfn.IFS(calls[[#This Row],[Duration]]<=10,"Under 10 mins", calls[[#This Row],[Duration]]<=30, "10 to 30 mins", calls[[#This Row],[Duration]]<=60, "30 to 60 mins", calls[[#This Row],[Duration]]<=120, "1 to 2 hours", TRUE, "More than 2 hours")} -> 10 to 30 mins | L21: =ROUND(calls[[#This Row],[Satisfaction Rating]],0) -> 4
B22: Call_7289 | C22: C0007 | D22: 54 | E22: R02 | F22: 44931 | G22: 170 | H22: 4.3 | I22: =IF(MONTH(calls[[#This Row],[Date of Call]])<=6, YEAR(calls[[#This Row],[Date of Call]]), YEAR(calls[[#This Row],[Date of Call]])+1) -> 2023 | J22: =TEXT(calls[[#This Row],[Date of Call]],"DDDD") -> Thursday | K22: {=_xlfn.IFS(calls[[#This Row],[Duration]]<=10,"Under 10 mins", calls[[#This Row],[Duration]]<=30, "10 to 30 mins", calls[[#This Row],[Duration]]<=60, "30 to 60 mins", calls[[#This Row],[Duration]]<=120, "1 to 2 hours", TRUE, "More than 2 hours")} -> 30 to 60 mins | L22: =ROUND(calls[[#This Row],[Satisfaction Rating]],0) -> 4
B23: Call_7290 | C23: C0006 | D23: 48 | E23: R05 | F23: 44932 | G23: 30 | H23: 4.4 | I23: =IF(MONTH(calls[[#This Row],[Date of Call]])<=6, YEAR(calls[[#This Row],[Date of Call]]), YEAR(calls[[#This Row],[Date of Call]])+1) -> 2023 | J23: =TEXT(calls[[#This Row],[Date of Call]],"DDDD") -> Friday | K23: {=_xlfn.IFS(calls[[#This Row],[Duration]]<=10,"Under 10 mins", calls[[#This Row],[Duration]]<=30, "10 to 30 mins", calls[[#This Row],[Duration]]<=60, "30 to 60 mins", calls[[#This Row],[Duration]]<=120, "1 to 2 hours", TRUE, "More than 2 hours")} -> 30 to 60 mins | L23: =ROUND(calls[[#This Row],[Satisfaction Rating]],0) -> 4
B24: Call_7291 | C24: C0004 | D24: 128 | E24: R05 | F24: 44932 | G24: 72 | H24: 5 | I24: =IF(MONTH(calls[[#This Row],[Date of Call]])<=6, YEAR(calls[[#This Row],[Date of Call]]), YEAR(calls[[#This Row],[Date of Call]])+1) -> 2023 | J24: =TEXT(calls[[#This Row],[Date of Call]],"DDDD") -> Friday | K24: {=_xlfn.IFS(calls[[#This Row],[Duration]]<=10,"Under 10 mins", calls[[#This Row],[Duration]]<=30, "10 to 30 mins", calls[[#This Row],[Duration]]<=60, "30 to 60 mins", calls[[#This Row],[Duration]]<=120, "1 to 2 hours", TRUE, "More than 2 hours")} -> More than 2 hours | L24: =ROUND(calls[[#This Row],[Satisfaction Rating]],0) -> 5
B25: Call_7292 | C25: C0004 | D25: 38 | E25: R04 | F25: 44933 | G25: 92 | H25: 4.9 | I25: =IF(MONTH(calls[[#This Row],[Date of Call]])<=6, YEAR(calls[[#This Row],[Date of Call]]), YEAR(calls[[#This Row],[Date of Call]])+1) -> 2023 | J25: =TEXT(calls[[#This Row],[Date of Call]],"DDDD") -> Saturday | K25: {=_xlfn.IFS(calls[[#This Row],[Duration]]<=10,"Under 10 mins", calls[[#This Row],[Duration]]<=30, "10 to 30 mins", calls[[#This Row],[Duration]]<=60, "30 to 60 mins", calls[[#This Row],[Duration]]<=120, "1 to 2 hours", TRUE, "More than 2 hours")} -> 30 to 60 mins | L25: =ROUND(calls[[#This Row],[Satisfaction Rating]],0) -> 5
B26: Call_7293 | C26: C0003 | D26: 67 | E26: R04 | F26: 44934 | G26: 165 | H26: 4.5 | I26: =IF(MONTH(calls[[#This Row],[Date of Call]])<=6, YEAR(calls[[#This Row],[Date of Call]]), YEAR(calls[[#This Row],[Date of Call]])+1) -> 2023 | J26: =TEXT(calls[[#This Row],[Date of Call]],"DDDD") -> Sunday | K26: {=_xlfn.IFS(calls[[#This Row],[Duration]]<=10,"Under 10 mins", calls[[#This Row],[Duration]]<=30, "10 to 30 mins", calls[[#This Row],[Duration]]<=60, "30 to 60 mins", calls[[#This Row],[Duration]]<=120, "1 to 2 hours", TRUE, "More than 2 hours")} -> 1 to 2 hours | L26: =ROUND(calls[[#This Row],[Satisfaction Rating]],0) -> 5
B27: Call_7294 | C27: C0015 | D27: 58 | E27: R02 | F27: 44934 | G27: 140 | H27: 2.1 | I27: =IF(MONTH(calls[[#This Row],[Date of Call]])<=6, YEAR(calls[[#This Row],[Date of Call]]), YEAR(calls[[#This Row],[Date of Call]])+1) -> 2023 | J27: =TEXT(calls[[#This Row],[Date of Call]],"DDDD") -> Sunday | K27: {=_xlfn.IFS(calls[[#This Row],[Duration]]<=10,"Under 10 mins", calls[[#This Row],[Duration]]<=30, "10 to 30 mins", calls[[#This Row],[Duration]]<=60, "30 to 60 mins", calls[[#This Row],[Duration]]<=120, "1 to 2 hours", TRUE, "More than 2 hours")} -> 30 to 60 mins | L27: =ROUND(calls[[#This Row],[Satisfaction Rating]],0) -> 2
B28: Call_7295 | C28: C0010 | D28: 54 | E28: R01 | F28: 44934 | G28: 111 | H28: 3.3 | I28: =IF(MONTH(calls[[#This Row],[Date of Call]])<=6, YEAR(calls[[#This Row],[Date of Call]]), YEAR(calls[[#This Row],[Date of Call]])+1) -> 2023 | J28: =TEXT(calls[[#This Row],[Date of Call]],"DDDD") -> Sunday | K28: {=_xlfn.IFS(calls[[#This Row],[Duration]]<=10,"Under 10 mins", calls[[#This Row],[Duration]]<=30, "10 to 30 mins", calls[[#This Row],[Duration]]<=60, "30 to 60 mins", calls[[#This Row],[Duration]]<=120, "1 to 2 hours", TRUE, "More than 2 hours")} -> 30 to 60 mins | L28: =ROUND(calls[[#This Row],[Satisfaction Rating]],0) -> 3
B29: Call_7296 | C29: C0012 | D29: 28 | E29: R05 | F29: 44935 | G29: 63 | H29: 4.1 | I29: =IF(MONTH(calls[[#This Row],[Date of Call]])<=6, YEAR(calls[[#This Row],[Date of Call]]), YEAR(calls[[#This Row],[Date of Call]])+1) -> 2023 | J29: =TEXT(calls[[#This Row],[Date of Call]],"DDDD") -> Monday | K29: {=_xlfn.IFS(calls[[#This Row],[Duration]]<=10,"Under 10 mins", calls[[#This Row],[Duration]]<=30, "10 to 30 mins", calls[[#This Row],[Duration]]<=60, "30 to 60 mins", calls[[#This Row],[Duration]]<=120, "1 to 2 hours", TRUE, "More than 2 hours")} -> 10 to 30 mins | L29: =ROUND(calls[[#This Row],[Satisfaction Rating]],0) -> 4
B30: Call_7297 | C30: C0002 | D30: 73 | E30: R05 | F30: 44935 | G30: 80 | H30: 4.2 | I30: =IF(MONTH(calls[[#This Row],[Date of Call]])<=6, YEAR(calls[[#This Row],[Date of Call]]), YEAR(calls[[#This Row],[Date of Call]])+1) -> 2023 | J30: =TEXT(calls[[#This Row],[Date of Call]],"DDDD") -> Monday | K30: {=_xlfn.IFS(calls[[#This Row],[Duration]]<=10,"Under 10 mins", calls[[#This Row],[Duration]]<=30, "10 to 30 mins", calls[[#This Row],[Duration]]<=60, "30 to 60 mins", calls[[#This Row],[Duration]]<=120, "1 to 2 hours", TRUE, "More than 2 hours")} -> 1 to 2 hours | L30: =ROUND(calls[[#This Row],[Satisfaction Rating]],0) -> 4
... B1003: Call_8270 | C1003: C0009 | D1003: 114 | E1003: R01 | F1003: 45291 | G1003: 40 | H1003: 3.9 | I1003: =IF(MONTH(calls[[#This Row],[Date of Call]])<=6, YEAR(calls[[#This Row],[Date of Call]]), YEAR(calls[[#This Row],[Date of Call]])+1) -> 2024 | J1003: =TEXT(calls[[#This Row],[Date of Call]],"DDDD") -> Sunday | K1003: {=_xlfn.IFS(calls[[#This Row],[Duration]]<=10,"Under 10 mins", calls[[#This Row],[Duration]]<=30, "10 to 30 mins", calls[[#This Row],[Duration]]<=60, "30 to 60 mins", calls[[#This Row],[Duration]]<=120, "1 to 2 hours", TRUE, "More than 2 hours")} -> 1 to 2 hours | L1003: =ROUND(calls[[#This Row],[Satisfaction Rating]],0) -> 4

Sheet Assets
E2: Rep ID | F2: Rep Image
E3: R01 | F3: #VALUE!
E4: R02 | F4: #VALUE!
E5: R03 | F5: #VALUE!
E6: R04 | F6: #VALUE!
E7: R05 | F7: #VALUE!

Sheet Customer Center Report
K1: CALL CENTER REPORT -2025
R18: R01 | S18: R02 | T18: R03 | U18: R04 | V18: R05 | W18: Total
Q19: {=IF(Project_excel!N43:T60="","",Project_excel!N43:T60)} -> Cincinnati
Q20: C0003 | R20: 891 | S20: 1332 | T20: 1282 | U20: 739 | V20: 560 | W20: 4804
Q21: C0004 | R21: 1991 | S21: 1886 | T21: 1206 | U21: 884 | V21: 1722 | W21: 7689
Q22: C0011 | R22: 1163 | S22: 1180 | T22: 1616 | U22: 1043 | V22: 1747 | W22: 6749
Q23: C0012 | R23: 1438 | S23: 1616 | T23: 866 | U23: 829 | V23: 2070 | W23: 6819
Q24: Cleveland
Q25: C0002 | R25: 1233 | S25: 223 | T25: 1680 | U25: 990 | V25: 1508 | W25: 5634
Q26: C0007 | R26: 1598 | S26: 1907 | T26: 869 | U26: 1426 | V26: 1416 | W26: 7216
M27: =Project_excel!C66 -> #VALUE! | Q27: C0008 | R27: 900 | S27: 1016 | T27: 960 | U27: 940 | V27: 1193 | W27: 5009
Q28: C0010 | R28: 900 | S28: 1470 | T28: 1617 | U28: 1314 | V28: 941 | W28: 6242
Q29: C0013 | R29: 1255 | S29: 516 | T29: 1874 | U29: 1863 | V29: 1722 | W29: 7230
Q30: C0015 | R30: 1138 | S30: 1898 | T30: 1482 | U30: 846 | V30: 1154 | W30: 6518
Q31: Columbus
M32: =Project_excel!C62 -> % of Calls:20% | Q32: C0001 | R32: 1655 | S32: 805 | T32: 2263 | U32: 987 | V32: 1075 | W32: 6785
M33: =Project_excel!C63 -> Call Rank:3 | Q33: C0005 | R33: 1104 | S33: 2280 | T33: 1445 | U33: 1722 | V33: 1196 | W33: 7747
M34: =Project_excel!C64 -> Amount Rank:3 | Q34: C0006 | R34: 372 | S34: 1818 | T34: 1346 | U34: 1156 | V34: 1484 | W34: 6176
Q35: C0009 | R35: 1415 | S35: 1271 | T35: 1214 | U35: 1135 | V35: 1566 | W35: 6601
Q36: C0014 | R36: 1362 | S36: 1363 | T36: 1152 | U36: 777 | V36: 750 | W36: 5404
